PMID,Title,Authors,Citation,First Author,Journal/Book,Publication Year,Create Date,PMCID,NIHMS ID,DOI
"23335715","[Centenarians' genome]","Dosne Pasqualini C.","Medicina (B Aires). 2013;73(1):85-7.","Dosne Pasqualini C","Medicina (B Aires)","2013","2013/01/22","","",""
"24992825","Genetics of osteoarthritis","Rodriguez-Fontenla C, Gonzalez A.","Reumatol Clin. 2015 Jan-Feb;11(1):33-40. doi: 10.1016/j.reuma.2014.05.004. Epub 2014 Jul 1.","Rodriguez-Fontenla C","Reumatol Clin","2015","2014/07/05","","","10.1016/j.reuma.2014.05.004"
"20711090","[Autoinflammatory syndromes]","Gomes JM, Gomes SM, Conde M.","Acta Reumatol Port. 2010 Apr-Jun;35(2):146-54.","Gomes JM","Acta Reumatol Port","2010","2010/08/17","","",""
"16499418","The making of ""The Genoma Music.""","Sánchez Sousa A, Baquero F, Nombela C.","Rev Iberoam Micol. 2005 Dec;22(4):242-8. doi: 10.1016/s1130-1406(05)70050-4.","Sánchez Sousa A","Rev Iberoam Micol","2005","2006/02/28","","","10.1016/s1130-1406(05)70050-4"
"17687770","[HIV genoma detection in various parts of sperm]","Haute Autorité de santé.","Med Mal Infect. 2007 Jun;37(6):315-9. doi: 10.1016/j.medmal.2007.03.009.","Haute Autorité de santé","Med Mal Infect","2007","2007/08/10","","","10.1016/j.medmal.2007.03.009"
"27479999","Building the genomic nation: 'Homo Brasilis' and the 'Genoma Mexicano' in comparative cultural perspective","Kent M, García-Deister V, López-Beltrán C, Santos RV, Schwartz-Marín E, Wade P.","Soc Stud Sci. 2015 Dec;45(6):839-61. doi: 10.1177/0306312715611262.","Kent M","Soc Stud Sci","2015","2016/08/03","PMC4702209","","10.1177/0306312715611262"
"30799458","[MicroRNA en enfermedades autoinmunes]","Alemán-Ávila I, Cadena-Sandoval D, Morales MJ, Ramírez-Bello J.","Gac Med Mex. 2019;155(1):63-71. doi: 10.24875/GMM.18003591.","Alemán-Ávila I","Gac Med Mex","2019","2019/02/26","","","10.24875/GMM.18003591"
"867816","Polypeptides specified by the influenza virus genoma. 2. Assignement of protein coding functions to individual genome segments by in vitro translation","Inglis SC, McGeoch DJ, Mahy BW.","Virology. 1977 May 15;78(2):522-36. doi: 10.1016/0042-6822(77)90128-3.","Inglis SC","Virology","1977","1977/05/15","","","10.1016/0042-6822(77)90128-3"
"34847674","[Genome, microbiome and adverse food reactions]","Flores SV, Roco Videla Á, Silva González O.","Nutr Hosp. 2022 Feb 9;39(1):237-238. doi: 10.20960/nh.03924.","Flores SV","Nutr Hosp","2022","2021/12/01","","","10.20960/nh.03924"
"30382299","Why Prokaryotes Genomes Lack Genes with Introns Processed by Spliceosomes?","Lamolle G, Musto H.","J Mol Evol. 2018 Dec;86(9):611-612. doi: 10.1007/s00239-018-9874-4. Epub 2018 Oct 31.","Lamolle G","J Mol Evol","2018","2018/11/02","","","10.1007/s00239-018-9874-4"
"28544285","Salmonella Typhi genomics: envisaging the future of typhoid eradication","Yap KP, Thong KL.","Trop Med Int Health. 2017 Aug;22(8):918-925. doi: 10.1111/tmi.12899. Epub 2017 Jun 19.","Yap KP","Trop Med Int Health","2017","2017/05/26","","","10.1111/tmi.12899"
"624934","Base composition, size and sequence similarities of genoma deoxyribonucleic acids from clinical isolates of Pseudomonas putrefaciens","Owen RJ, Legors RM, Lapage SP.","J Gen Microbiol. 1978 Jan;104(1):127-38. doi: 10.1099/00221287-104-1-127.","Owen RJ","J Gen Microbiol","1978","1978/01/01","","","10.1099/00221287-104-1-127"
"35368673","Editorial: Genetic Architecture and Evolution of Complex Traits and Diseases in Diverse Human Populations","Ortega-Del Vecchyo D, Berg J, Sohail M.","Front Genet. 2022 Mar 10;13:869056. doi: 10.3389/fgene.2022.869056. eCollection 2022.","Ortega-Del Vecchyo D","Front Genet","2022","2022/04/04","PMC8965610","","10.3389/fgene.2022.869056"
"23924541","[Myths and truths about the human genome]","Crámer P, Iusem ND.","Medicina (B Aires). 2013;73(4):379-83.","Crámer P","Medicina (B Aires)","2013","2013/08/09","","",""
"32111363","Use of next generation sequencing technologies for the diagnosis and epidemiology of infectious diseases","Comas I, Cancino-Muñoz I, Mariner-Llicer C, Goig GA, Ruiz-Hueso P, Francés-Cuesta C, García-González N, González-Candelas F.","Enferm Infecc Microbiol Clin (Engl Ed). 2020 Jan;38 Suppl 1:32-38. doi: 10.1016/j.eimc.2020.02.006.","Comas I","Enferm Infecc Microbiol Clin (Engl Ed)","2020","2020/03/01","","","10.1016/j.eimc.2020.02.006"
"10025082","Morphologic aspects of fibromyalgia","Pongratz DE, Späth M.","Z Rheumatol. 1998;57 Suppl 2:47-51. doi: 10.1007/s003930050234.","Pongratz DE","Z Rheumatol","1998","1999/02/20","","","10.1007/s003930050234"
"24703417","[Update on the genetics of stroke]","López Fernández JC, Rodríguez Esparragón F, Buset Ríos N.","Med Clin (Barc). 2014 Aug 19;143(4):176-9. doi: 10.1016/j.medcli.2014.02.009. Epub 2014 Apr 1.","López Fernández JC","Med Clin (Barc)","2014","2014/04/08","","","10.1016/j.medcli.2014.02.009"
"26600930","Gastric cancer: The times they are a-changin'","Satolli MA, Buffoni L, Spadi R, Roato I.","World J Gastrointest Oncol. 2015 Nov 15;7(11):303-16. doi: 10.4251/wjgo.v7.i11.303.","Satolli MA","World J Gastrointest Oncol","2015","2015/11/25","PMC4644853","","10.4251/wjgo.v7.i11.303"
"9085183","Pathogenic diversity of Helicobacter pylori","Mégraud F.","J Gastroenterol. 1997 Apr;32(2):278-81. doi: 10.1007/BF02936383.","Mégraud F","J Gastroenterol","1997","1997/04/01","","","10.1007/BF02936383"
"27311156","Análisis de la figura jurídica del arrendamiento de vientre en México, desde el punto de vista de la bioética personalista","Becerra Partida OF.","Rev Derecho Genoma Hum. 2015 Jul-Dec;(43):37-57.","Becerra Partida OF","Rev Derecho Genoma Hum","2015","2016/06/18","","",""
"28043945","Detecting mosaicism in trophectoderm biopsies","Sermon KD, Spits C, Mertzanidou A, Vermeesch JR, Fiorentino F.","Hum Reprod. 2017 Mar 1;32(3):712-713. doi: 10.1093/humrep/dew346.","Sermon KD","Hum Reprod","2017","2017/01/04","","","10.1093/humrep/dew346"
"27311157","Embriones supernumerarios en las técnicas de reproducción humana asistida. Qué hacer con ellos? Análisis jurídico y ético de las opciones legales en España","Pereira Sáez C, Vergara Lacalle Ó.","Rev Derecho Genoma Hum. 2015 Jul-Dec;(43):59-81.","Pereira Sáez C","Rev Derecho Genoma Hum","2015","2016/06/18","","",""
"27311161","A diez años de la Declaración Universal de la UNESCO sobre Bioética y Derechos Humanos: sus méritos y su future","Darío Bergel S.","Rev Derecho Genoma Hum. 2015 Jul-Dec;(43):175-91.","Darío Bergel S","Rev Derecho Genoma Hum","2015","2016/06/18","","",""
"11374152","[The human genome]","Dosne Pasqualini C.","Medicina (B Aires). 2001;61(2):243-6.","Dosne Pasqualini C","Medicina (B Aires)","2001","2001/05/26","","",""
"6051703","Statistical analysis of the relation between the length of the genoma and the diploid number of the chromosomes in Cercopithecus","Chiarelli B.","Experientia. 1967 Aug 15;23(8):672-3. doi: 10.1007/BF02144195.","Chiarelli B","Experientia","1967","1967/08/15","","","10.1007/BF02144195"
"27462899","Group A rotavirus gastroenteritis: post-vaccine era, genotypes and zoonotic transmission","Luchs A, Timenetsky Mdo C.","Einstein (Sao Paulo). 2016 Apr-Jun;14(2):278-87. doi: 10.1590/S1679-45082016RB3582.","Luchs A","Einstein (Sao Paulo)","2016","2016/07/28","PMC4943361","","10.1590/S1679-45082016RB3582"
"618834","Pea enation mosaic virus genoma RNA contains no polyadenylate sequences and cannot be aminoacylated","German TL, De Zoeten GA, Hall TC.","Intervirology. 1978;9(4):226-30. doi: 10.1159/000148940.","German TL","Intervirology","1978","1978/01/01","","","10.1159/000148940"
"11921883","""Therapeutic"" cloning?","","Rev Derecho Genoma Hum. 2001 Jul-Dec;(15):15-7, 19-21.","","Rev Derecho Genoma Hum","2001","2002/04/02","","",""
"10335332","Transgenic xenotransplants","","Rev Derecho Genoma Hum. 1998 Jul-Dec;(9):15-20.","","Rev Derecho Genoma Hum","1998","1999/05/21","","",""
"29057528","Author's reply to Grati and Benn","Fiorentino F, Bono S, Pizzuti F, Duca S, Polverari A, Faieta M, Baldi M, Diano L, Spinella F.","Prenat Diagn. 2017 Oct;37(10):1053-1054. doi: 10.1002/pd.5136.","Fiorentino F","Prenat Diagn","2017","2017/10/24","","","10.1002/pd.5136"
"17980604","Quo vadis, genoma? A call to pipettes for biochemists","Reichardt JK.","Trends Biochem Sci. 2007 Dec;32(12):529-30. doi: 10.1016/j.tibs.2007.10.001. Epub 2007 Nov 5.","Reichardt JK","Trends Biochem Sci","2007","2007/11/06","","","10.1016/j.tibs.2007.10.001"
"6452922","A topological study of the base sequences of MS2 and phi x174 genoma","Kovàcs AL, Pacitti C, Conti F, Segre AL.","Bull Math Biol. 1981;43(1):81-8. doi: 10.1007/BF02460941.","Kovàcs AL","Bull Math Biol","1981","1981/01/01","","","10.1007/BF02460941"
"30795867","The Future of TB Resistance Diagnosis: The Essentials on Whole Genome Sequencing and Rapid Testing Methods","Moreno-Molina M, Comas I, Furió V.","Arch Bronconeumol (Engl Ed). 2019 Aug;55(8):421-426. doi: 10.1016/j.arbres.2019.01.002. Epub 2019 Feb 20.","Moreno-Molina M","Arch Bronconeumol (Engl Ed)","2019","2019/02/24","","","10.1016/j.arbres.2019.01.002"
"15222481","Antiviral activity of lactoferrin towards naked viruses","Seganti L, Di Biase AM, Marchetti M, Pietrantoni A, Tinari A, Superti F.","Biometals. 2004 Jun;17(3):295-9. doi: 10.1023/b:biom.0000027708.27142.bc.","Seganti L","Biometals","2004","2004/06/30","","","10.1023/b:biom.0000027708.27142.bc"
"20812287","PET/CT in cancer research: from preclinical to clinical applications","Del Vecchio S, Zannetti A, Fonti R, Iommelli F, Pizzuti LM, Lettieri A, Salvatore M.","Contrast Media Mol Imaging. 2010 Jul-Aug;5(4):190-200. doi: 10.1002/cmmi.368.","Del Vecchio S","Contrast Media Mol Imaging","2010","2010/09/03","","","10.1002/cmmi.368"
"29223949","[Will the CRISPR / CAS9 system change the genome of humanity?]","Becú-Villalobos D.","Medicina (B Aires). 2017;77(6):521-523.","Becú-Villalobos D","Medicina (B Aires)","2017","2017/12/11","","",""
"35856597","Archetypes and clinical application: how the genome responds to experience","Goodwyn E.","J Anal Psychol. 2022 Jun;67(3):838-859. doi: 10.1111/1468-5922.12821.","Goodwyn E","J Anal Psychol","2022","2022/07/20","","","10.1111/1468-5922.12821"
"4349825","Natural history studies of the feline RNA tumor virus genoma. I. Detection of group specific antigen and C-type particles","Gardner MB, Charman HP, Johnson EY, Rongey RW, Gilden RV, Arnstein P, Huebner RJ.","Prog Immunobiol Stand. 1971;5:231-6.","Gardner MB","Prog Immunobiol Stand","1971","1972/01/01","","",""
"15839024","Genes for sale?","","Rev Derecho Genoma Hum. 1998 Jan-Jun;(8):15-8.","","Rev Derecho Genoma Hum","1998","2005/04/21","","",""
"30900838","[Screening for inherited thrombophilia and genome sequencing]","Yin L, Li G, Shen J, Liu Z.","Zhejiang Da Xue Xue Bao Yi Xue Ban. 2018 Dec 25;47(6):606-611. doi: 10.3785/j.issn.1008-9292.2018.12.07.","Yin L","Zhejiang Da Xue Xue Bao Yi Xue Ban","2018","2019/03/23","PMC10393696","","10.3785/j.issn.1008-9292.2018.12.07"
"27311160","El derecho a no saber la información genética. El caso del País Vasco de reconocimiento a favor de una pareja con antecedentes familiares de Corea de Huntington","Abellán F.","Rev Derecho Genoma Hum. 2015 Jul-Dec;(43):163-71.","Abellán F","Rev Derecho Genoma Hum","2015","2016/06/18","","",""
"12876586","[The human genome]","Grisolia S.","An Sist Sanit Navar. 2001 May;24(2):147-57. doi: 10.23938/ASSN.0516.","Grisolia S","An Sist Sanit Navar","2001","2003/07/24","","","10.23938/ASSN.0516"
"19631825","[Biotechnology's macroeconomic impact]","Dones Tacero M, Pérez García J, San Román AP.","Med Clin (Barc). 2008 Dec;131 Suppl 5:60-5. doi: 10.1016/S0025-7753(08)76409-1.","Dones Tacero M","Med Clin (Barc)","2008","2009/07/28","","","10.1016/S0025-7753(08)76409-1"
"19217996","[Corynebacterium urealyticum: from the bedside to complete genome sequence]","Soriano F.","Enferm Infecc Microbiol Clin. 2009 Jan;27(1):5-6. doi: 10.1016/j.eimc.2008.04.002. Epub 2009 Jan 9.","Soriano F","Enferm Infecc Microbiol Clin","2009","2009/02/17","","","10.1016/j.eimc.2008.04.002"
"35032207","Correction to: Genetic etiology of non-syndromic hearing loss in Latin America","Lezirovitz K, Mingroni-Netto RC.","Hum Genet. 2022 Apr;141(3-4):997. doi: 10.1007/s00439-021-02418-5.","Lezirovitz K","Hum Genet","2022","2022/01/15","","","10.1007/s00439-021-02418-5"
"19059946","The experience of two European preimplantation genetic diagnosis centres on human leukocyte antigen typing","Van de Velde H, De Rycke M, De Man C, De Hauwere K, Fiorentino F, Kahraman S, Pennings G, Verpoest W, Devroey P, Liebaers I.","Hum Reprod. 2009 Mar;24(3):732-40. doi: 10.1093/humrep/den423. Epub 2008 Dec 5.","Van de Velde H","Hum Reprod","2009","2008/12/09","","","10.1093/humrep/den423"
"18539071","[Natural history of precursor lesions of cervical cancer]","Tranbaloc P.","Gynecol Obstet Fertil. 2008 Jun;36(6):650-5. doi: 10.1016/j.gyobfe.2008.03.016. Epub 2008 Jun 6.","Tranbaloc P","Gynecol Obstet Fertil","2008","2008/06/10","","","10.1016/j.gyobfe.2008.03.016"
"36681574","Population structure of Neisseria meningitidis ST-9493 identified in Colombian isolates","Alarcon ZK, Prada D, Gabastou JM, Sanabria O, Duarte C, Moreno J.","Enferm Infecc Microbiol Clin (Engl Ed). 2023 May;41(5):290-293. doi: 10.1016/j.eimce.2022.01.005. Epub 2023 Jan 19.","Alarcon ZK","Enferm Infecc Microbiol Clin (Engl Ed)","2023","2023/01/21","","","10.1016/j.eimce.2022.01.005"
"34099929","Going home: the challenges and rewards of genetics research in Mexico","Robles-Espinoza CD.","Nat Genet. 2021 Jul;53(7):937-939. doi: 10.1038/s41588-021-00876-1.","Robles-Espinoza CD","Nat Genet","2021","2021/06/08","","","10.1038/s41588-021-00876-1"
"27154234","What We Know and What We Should Know About Codon Usage","Musto H.","J Mol Evol. 2016 Jun;82(6):245-6. doi: 10.1007/s00239-016-9742-z. Epub 2016 May 6.","Musto H","J Mol Evol","2016","2016/05/08","","","10.1007/s00239-016-9742-z"
"26665345","Is transhumanism a humanism?","Hottois G.","Rev Derecho Genoma Hum. 2015 Jan-Jun;(42):15-24.","Hottois G","Rev Derecho Genoma Hum","2015","2015/12/16","","",""
"37870355","On the seventy years of the structure of DNA, the twenty years since the sequencing of the human genome and the fifth industrial revolution","Cortés ME.","Medicina (B Aires). 2023;83(5):852-853.","Cortés ME","Medicina (B Aires)","2023","2023/10/23","","",""
"37427860","The mosaic embryo: what it means for the doctor and the patient","Greco E, Greco PF, Listorti I, Ronsini C, Cucinelli F, Biricik A, Viotti M, Meschino N, Spinella F.","Minerva Obstet Gynecol. 2024 Feb;76(1):89-101. doi: 10.23736/S2724-606X.23.05281-8. Epub 2023 Jul 10.","Greco E","Minerva Obstet Gynecol","2024","2023/07/10","","","10.23736/S2724-606X.23.05281-8"
"33149023","Differential Expression of PEG10 Contributes to Aggressive Disease in Early Versus Late-Onset Colorectal Cancer","Watson KM, Gardner IH, Byrne RM, Ruhl RR, Lanciault CP, Dewey EN, Anand S, Tsikitis VL.","Dis Colon Rectum. 2020 Dec;63(12):1610-1620. doi: 10.1097/DCR.0000000000001774.","Watson KM","Dis Colon Rectum","2020","2020/11/05","PMC7653836","NIHMS1615529","10.1097/DCR.0000000000001774"
"24915696","Science and freedom","Harris J.","Rev Derecho Genoma Hum. 2014;Spec No:103-8.","Harris J","Rev Derecho Genoma Hum","2014","2014/06/12","","",""
"38337769","Non-Invasive High-Resolution Imaging of In Vivo Human Myelinated Axons","Lombardo M, Cesareo M, Falsini B, Cusumano A.","Diagnostics (Basel). 2024 Jan 24;14(3):253. doi: 10.3390/diagnostics14030253.","Lombardo M","Diagnostics (Basel)","2024","2024/02/10","PMC10854769","","10.3390/diagnostics14030253"
"29742247","Typical clinical and neuroimaging features in Sjögren-Larsson syndrome","Paiva ARB, Melo US, Freua F, Dória D, Cabral KSS, Macedo-Souza LI, Lucato LT, Kok F.","Arq Neuropsiquiatr. 2018 Apr;76(4):283. doi: 10.1590/0004-282x20180024.","Paiva ARB","Arq Neuropsiquiatr","2018","2018/05/10","","","10.1590/0004-282x20180024"
"33464590","Archetypes and the 'impoverished environment' argument: a response to Goodwyn (2020)","Merchant J.","J Anal Psychol. 2021 Feb;66(1):132-152. doi: 10.1111/1468-5922.12654.","Merchant J","J Anal Psychol","2021","2021/01/19","","","10.1111/1468-5922.12654"
"33234345","Incidental SOS1 variant identified by non-invasive prenatal screening: Prenatal diagnosis and family clinical reassessment","Mastromoro G, Guadagnolo D, Marchionni E, Di Palma F, Gigante L, Versacci P, Ventriglia F, Baldi M, Pizzuti A.","Eur J Obstet Gynecol Reprod Biol. 2021 Jan;256:518-520. doi: 10.1016/j.ejogrb.2020.11.003. Epub 2020 Nov 10.","Mastromoro G","Eur J Obstet Gynecol Reprod Biol","2021","2020/11/25","","","10.1016/j.ejogrb.2020.11.003"
"27435793","An Isochore-Like Structure in the Genome of the Flatworm Schistosoma mansoni","Lamolle G, Protasio AV, Iriarte A, Jara E, Simón D, Musto H.","Genome Biol Evol. 2016 Aug 16;8(8):2312-8. doi: 10.1093/gbe/evw170.","Lamolle G","Genome Biol Evol","2016","2016/07/21","PMC5010904","","10.1093/gbe/evw170"
"15832801","Body transformations","Rodotà S.","Rev Derecho Genoma Hum. 2004 Jul-Dec;(21):29-47.","Rodotà S","Rev Derecho Genoma Hum","2004","2005/04/19","","",""
"36694278","Phenotypic plasticity and archetype: a response to common objections to the biological theory of archetype and instinct","Goodwyn E.","J Anal Psychol. 2023 Feb;68(1):109-132. doi: 10.1111/1468-5922.12883. Epub 2023 Jan 24.","Goodwyn E","J Anal Psychol","2023","2023/01/24","","","10.1111/1468-5922.12883"
"36599753","First molecular characterization of Escherichia coli O157:H7 isolates from clinical samples in Paraguay using whole-genome sequencing","Weiler N, Martínez LJ, Campos J, Poklepovich T, Orrego MV, Ortiz F, Alvarez M, Putzolu K, Zolezzi G, Miliwebsky E, Chinen I.","Rev Argent Microbiol. 2023 Apr-Jun;55(2):111-119. doi: 10.1016/j.ram.2022.11.002. Epub 2023 Jan 2.","Weiler N","Rev Argent Microbiol","2023","2023/01/04","","","10.1016/j.ram.2022.11.002"
"28630001","Host influence in the genomic composition of flaviviruses: A multivariate approach","Simón D, Fajardo A, Sóñora M, Delfraro A, Musto H.","Biochem Biophys Res Commun. 2017 Oct 28;492(4):572-578. doi: 10.1016/j.bbrc.2017.06.088. Epub 2017 Jun 17.","Simón D","Biochem Biophys Res Commun","2017","2017/06/21","","","10.1016/j.bbrc.2017.06.088"
"25077170","Genetics and genomics in Brazil: a promising future","Passos-Bueno MR, Bertola D, Horovitz DD, de Faria Ferraz VE, Brito LA.","Mol Genet Genomic Med. 2014 Jul;2(4):280-91. doi: 10.1002/mgg3.95.","Passos-Bueno MR","Mol Genet Genomic Med","2014","2014/08/01","PMC4113268","","10.1002/mgg3.95"
"9740823","[Cutaneous tuberculosis. A study of 4 cases]","Iborra C, Cambau E, Lecomte C, Grosset J, Bricaire F, Caumes E.","Ann Dermatol Venereol. 1997;124(2):139-43.","Iborra C","Ann Dermatol Venereol","1997","1997/01/01","","",""
"9280863","[Role of free radicals, telomeres, and telomerases in aging and cancerogenesis]","La Torre F, Silipigni AM, Orlando A, La Torre I, Aragona M.","Minerva Med. 1997 May;88(5):205-14.","La Torre F","Minerva Med","1997","1997/05/01","","",""
"37595341","Generation of four induced pluripotent stem cells lines from PBMC of the DFNA58 family members: Two hearing-impaired duplication carriers (USPi006-A e USPi007-A) and two normal-hearing noncarriers (USPi004-A and USPi005-A)","Kobayashi GS, Vieira-Silva GA, Varella-Branco E, Moreira DP, Kitajima JPFW, Hemza CRML, Mingroni-Netto RC, Lojudice FH, Oiticica J, Bento RF, Batissoco AC, Lezirovitz K.","Stem Cell Res. 2023 Sep;71:103181. doi: 10.1016/j.scr.2023.103181. Epub 2023 Aug 9.","Kobayashi GS","Stem Cell Res","2023","2023/08/18","","","10.1016/j.scr.2023.103181"
"32354942","Low-level X Chromosome Mosaicism: A Common Finding in Women Undergoing IVF","Zachaki S, Kouvidi E, Pantou A, Tsarouha H, Mitrakos A, Tounta G, Charalampous I, Manola KN, Kanavakis E, Mavrou A.","In Vivo. 2020 May-Jun;34(3):1433-1437. doi: 10.21873/invivo.11925.","Zachaki S","In Vivo","2020","2020/05/02","PMC7279861","","10.21873/invivo.11925"
"36674633","Downregulation of Circulating Hsa-miR-200c-3p Correlates with Dyslipidemia in Patients with Stable Coronary Artery Disease","Vancheri C, Morini E, Prandi FR, Barillà F, Romeo F, Novelli G, Amati F.","Int J Mol Sci. 2023 Jan 6;24(2):1112. doi: 10.3390/ijms24021112.","Vancheri C","Int J Mol Sci","2023","2023/01/21","PMC9865013","","10.3390/ijms24021112"
"11284117","A change of attitudes","","Rev Derecho Genoma Hum. 2000 Jul-Dec;(13):15-22.","","Rev Derecho Genoma Hum","2000","2001/04/04","","",""
"7569547","[The human genome project and its applications]","Moreno-Palanques R.","Rev Med Univ Navarra. 1995 Apr-Jun;40(2):64-7.","Moreno-Palanques R","Rev Med Univ Navarra","1995","1995/04/01","","",""
"11599475","[Repeated elements in the human genome: junk DNA or genomic treasure?]","López-Casillas F, Ponce-Castañeda MV.","Rev Invest Clin. 2001 Jul-Aug;53(4):302-7.","López-Casillas F","Rev Invest Clin","2001","2001/10/16","","",""
"12621833","[Molecular imaging]","Turetschek K, Wunderbaldinger P.","Wien Med Wochenschr Suppl. 2002;(113):28-9.","Turetschek K","Wien Med Wochenschr Suppl","2002","2003/03/08","","",""
"9820063","[Molecular biology aspects of Hodgkin's disease]","Macák J.","Vnitr Lek. 1998 Jun;44(6):370-2.","Macák J","Vnitr Lek","1998","1998/11/20","","",""
"14562469","Embryonic stem cell research: can the law balance ethical, scientific and economic values? (Part I)","Chalmers D, Nicol D.","Rev Derecho Genoma Hum. 2003 Jan-Jun;(18):43-53.","Chalmers D","Rev Derecho Genoma Hum","2003","2003/10/18","","",""
"12703112","What responsibility for science?","Salvi M.","Rev Derecho Genoma Hum. 2002 Jul-Dec;(17):125-34.","Salvi M","Rev Derecho Genoma Hum","2002","2003/04/22","","",""
"25845204","Synthetic biology and biosecurity","Robienski J, Simon J.","Rev Derecho Genoma Hum. 2014 Jul-Dec;(41):15-35.","Robienski J","Rev Derecho Genoma Hum","2014","2015/04/08","","",""
"12379978","Two years on from the Convention on Human Rights and Biomedicine: further legislation still in the pipeline","","Rev Derecho Genoma Hum. 2002 Jan-Jun;(16):15-21.","","Rev Derecho Genoma Hum","2002","2002/10/17","","",""
"8353771","[Congenital malformations: care or predict?]","Pellerin D.","Bull Acad Natl Med. 1993 Feb;177(2):161-71; discussion 171-5.","Pellerin D","Bull Acad Natl Med","1993","1993/02/01","","",""
"33011735","Assessment and visualization of phenome-wide causal relationships using genetic data: an application to dental caries and periodontitis","Haworth S, Kho PF, Holgerson PL, Hwang LD, Timpson NJ, Rentería ME, Johansson I, Cuellar-Partida G.","Eur J Hum Genet. 2021 Feb;29(2):300-308. doi: 10.1038/s41431-020-00734-4. Epub 2020 Oct 3.","Haworth S","Eur J Hum Genet","2021","2020/10/04","PMC7868372","","10.1038/s41431-020-00734-4"
"25119415","How many theories on the genetic code do we need?","Musto H.","J Mol Evol. 2014 Aug;79(1-2):1-2. doi: 10.1007/s00239-014-9638-8.","Musto H","J Mol Evol","2014","2014/08/15","","","10.1007/s00239-014-9638-8"
"9490205","[Viruses and primary hepatocellular carcinoma]","Jablonská M.","Cas Lek Cesk. 1997 Oct 22;136(20):619-23.","Jablonská M","Cas Lek Cesk","1997","1998/03/07","","",""
"31924445","Big Data Analysis and Machine Learning in Intensive Care Medicine: Identifying new ethical and legal challenges","Lazcoz Moratinos G, de Miguel Beriain I.","Med Intensiva (Engl Ed). 2020 Jun-Jul;44(5):319-320. doi: 10.1016/j.medin.2019.11.003. Epub 2020 Jan 7.","Lazcoz Moratinos G","Med Intensiva (Engl Ed)","2020","2020/01/12","","","10.1016/j.medin.2019.11.003"
"11582654","Ethics and law, a compass to guide us on a new map: the human genome","","Rev Derecho Genoma Hum. 2001 Jan-Jun;(14):15-7, 19-21.","","Rev Derecho Genoma Hum","2001","2001/10/05","","",""
"29564643","Gene Editing and the Slippery Slope Argument: Should We Fix the Enhancement/Therapy Distinction as the Definitive Boundary?","de Miguel Beriain I.","Sci Eng Ethics. 2019 Aug;25(4):1257-1258. doi: 10.1007/s11948-018-0048-y. Epub 2018 Mar 21.","de Miguel Beriain I","Sci Eng Ethics","2019","2018/03/23","","","10.1007/s11948-018-0048-y"
"32368197","Bayesian network analysis of plasma microRNA sequencing data in patients with venous thrombosis","Thibord F, Munsch G, Perret C, Suchon P, Roux M, Ibrahim-Kosta M, Goumidi L, Deleuze JF, Morange PE, Trégouët DA.","Eur Heart J Suppl. 2020 Apr;22(Suppl C):C34-C45. doi: 10.1093/eurheartj/suaa008. Epub 2020 Apr 29.","Thibord F","Eur Heart J Suppl","2020","2020/05/06","PMC7189740","","10.1093/eurheartj/suaa008"
"18201036","A new tool to promote research: the law on biomedical research","","Rev Derecho Genoma Hum. 2007 Jan-Jun;(26):17-20, 13-6.","","Rev Derecho Genoma Hum","2007","2008/01/19","","",""
"8096646","[Advances in the knowledge of the human genome]","Benítez J.","Rev Clin Esp. 1993 Feb;192(3):101-4.","Benítez J","Rev Clin Esp","1993","1993/02/01","","",""
"10822639","A model ethical protocol as a guidance document for human genome diversity research","Herzog AV, Frankel MS.","Rev Derecho Genoma Hum. 1999 Jan-Jun;(10):21-40.","Herzog AV","Rev Derecho Genoma Hum","1999","2000/05/24","","",""
"9566250","[New approaches to studying the structural-functional organization of eukaryotic genome]","Iarovaia OV, Razin SV.","Mol Biol (Mosk). 1998 Jan-Feb;32(1):43-53.","Iarovaia OV","Mol Biol (Mosk)","1998","1998/05/05","","",""
"28272317","Modulation of the Proteostasis Machinery to  Overcome Stress Caused by Diminished Levels of  t6A-Modified tRNAs in Drosophila","Rojas-Benítez D, Eggers C, Glavic A.","Biomolecules. 2017 Mar 6;7(1):25. doi: 10.3390/biom7010025.","Rojas-Benítez D","Biomolecules","2017","2017/03/09","PMC5372737","","10.3390/biom7010025"
"15832800","The European Constitution, establishing a core of human rights as applied to the fields of medicine and biology","","Rev Derecho Genoma Hum. 2004 Jul-Dec;(21):15-26.","","Rev Derecho Genoma Hum","2004","2005/04/19","","",""
"2099988","[The human genome project: reflections of an expert]","Siniscalco M.","Medicina (Firenze). 1990 Oct-Dec;10(4):417-20.","Siniscalco M","Medicina (Firenze)","1990","1990/10/01","","",""
"30963749","Medico-legal implications of refusal of treatment and voluntary self-discharge from the emergency department: reflections from the vantage of criminal law","Conal Fuertes I.","Emergencias. 2019 Abr;31(2):146.","Conal Fuertes I","Emergencias","2019","2019/04/10","","",""
"7898157","[Dynamic mutations of the human genome and their impact on neurologic disease]","Baiget M, López de Munain A.","Med Clin (Barc). 1995 Feb 4;104(4):137-8.","Baiget M","Med Clin (Barc)","1995","1995/02/04","","",""
"2692300","[Structure and function of the genome of the cauliflower mosaic virus and its use in genetic engineering]","Kovgan AA, Zhdanov VM.","Vopr Virusol. 1989 Sep-Oct;34(5):523-33.","Kovgan AA","Vopr Virusol","1989","1989/09/01","","",""
"9527702","[Molecular biology in medicine. XI. The Human Genome Project]","Gamba G.","Rev Invest Clin. 1997 Sep-Oct;49(5):425-9.","Gamba G","Rev Invest Clin","1997","1998/04/04","","",""
"12876585","[The consequences of the Genome Project: a change in the conception of disease]","García-Foncillas J.","An Sist Sanit Navar. 2001 May;24(2):143-6. doi: 10.23938/ASSN.0515.","García-Foncillas J","An Sist Sanit Navar","2001","2003/07/24","","","10.23938/ASSN.0515"
"12703105","Biological samples: no man's land?","","Rev Derecho Genoma Hum. 2002 Jul-Dec;(17):15-9.","","Rev Derecho Genoma Hum","2002","2003/04/22","","",""
"10822638","National Committee on Assisted Human Reproduction: a promising first step","","Rev Derecho Genoma Hum. 1999 Jan-Jun;(10):15-8.","","Rev Derecho Genoma Hum","1999","2000/05/24","","",""
"18170976","[Antiretroviral therapy of acquired immunodeficiency syndrome (AIDS)]","Jevtović Dj, Ranin J, Salemović D, Brmbolić B, Zerjav S.","Srp Arh Celok Lek. 1992 Nov;120 Suppl 5:38-41.","Jevtović Dj","Srp Arh Celok Lek","1992","1992/11/01","","",""
"11149363","The human genome map: reality and fantasy","","Rev Derecho Genoma Hum. 2000 Jan-Jun;(12):15-8.","","Rev Derecho Genoma Hum","2000","2001/01/10","","",""
"10822650","Spain's Constitutional Court and assisted reproduction techniques","","Rev Derecho Genoma Hum. 1999 Jul-Dec;(11):15-7, 19-21.","","Rev Derecho Genoma Hum","1999","2000/05/24","","",""
"16385787","The United Nations Declaration on Human Cloning","","Rev Derecho Genoma Hum. 2005 Jan-Jun;(22):15-22.","","Rev Derecho Genoma Hum","2005","2006/01/03","","",""
"27612151","Response to ""The importance of determining the limit of detection of non-invasive prenatal testing methods""","Fiorentino F, Bono S, Pizzuti F, Mariano M, Polverari A, Duca S, Sessa M, Baldi M, Diano L, Spinella F.","Prenat Diagn. 2016 Sep;36(9):898-9. doi: 10.1002/pd.4881.","Fiorentino F","Prenat Diagn","2016","2016/09/10","","","10.1002/pd.4881"
"18942268","[Molecular therapeutics in patients with cancer unresponsive to conventional treatments]","Valdespino-Gómez VM, Valdespino-Castillo VE.","Gac Med Mex. 2008 Jul-Aug;144(4):333-44.","Valdespino-Gómez VM","Gac Med Mex","2008","2008/10/24","","",""
"15832802","Research and use of stem cells","Deutsch E.","Rev Derecho Genoma Hum. 2004 Jul-Dec;(21):51-65.","Deutsch E","Rev Derecho Genoma Hum","2004","2005/04/19","","",""
"15544140","Laying the foundations for a transcultural biotechnology law","Gerin G.","Rev Derecho Genoma Hum. 2004 Jan-Jun;(20):15-22.","Gerin G","Rev Derecho Genoma Hum","2004","2004/11/17","","",""
"18592763","[The Corynebacterium urealyticum genome has been completely sequenced: a key advance to know the uropathogenicity and ""life style"" of this microorganism]","Vela Navarrete R, Soriano García F.","Arch Esp Urol. 2008 May;61(4):465-7. doi: 10.4321/s0004-06142008000400001.","Vela Navarrete R","Arch Esp Urol","2008","2008/07/03","","","10.4321/s0004-06142008000400001"
"23275695","Simplifier: a web tool to eliminate redundant NGS contigs","Ramos RT, Carneiro AR, Azevedo V, Schneider MP, Barh D, Silva A.","Bioinformation. 2012;8(20):996-9. doi: 10.6026/97320630008996. Epub 2012 Oct 13.","Ramos RT","Bioinformation","2012","2013/01/01","PMC3524941","","10.6026/97320630008996"
"11582657","The moral status of animals in the discussions on xenotransplantation (Part II)","Engels EM.","Rev Derecho Genoma Hum. 2001 Jan-Jun;(14):183-203.","Engels EM","Rev Derecho Genoma Hum","2001","2001/10/05","","",""
"26223391","[Current perspectives on genome-based diagnostic tests in Pediatrics]","Lay-Son RG, León PL.","Rev Chil Pediatr. 2015 Jan-Feb;86(1):3-11. doi: 10.1016/j.rchipe.2015.04.002.","Lay-Son RG","Rev Chil Pediatr","2015","2015/07/31","","","10.1016/j.rchipe.2015.04.002"
"17124979","An international consortium on stem cells, ethics and law","Hinxton Group.","Rev Derecho Genoma Hum. 2006 Jan-Jul;(24):251-5.","Hinxton Group","Rev Derecho Genoma Hum","2006","2006/11/28","","",""
"38176845","Epidemiological changes in invasive Streptococcus pyogenes infection during the UK alert period: A molecular comparative analysis from a tertiary Spanish hospital in 2023","Maldonado-Barrueco A, Bloise I, Cendejas-Bueno E, López-Rodrigo F, García-Rodríguez J, Lázaro-Perona F.","Enferm Infecc Microbiol Clin (Engl Ed). 2024 Jan;42(1):34-37. doi: 10.1016/j.eimce.2023.09.003.","Maldonado-Barrueco A","Enferm Infecc Microbiol Clin (Engl Ed)","2024","2024/01/04","","","10.1016/j.eimce.2023.09.003"
"15462590","[Legal implications of human genome]","Cvejić-Jancić O.","Med Pregl. 2004 Mar-Apr;57(3-4):105-9. doi: 10.2298/mpns0404105c.","Cvejić-Jancić O","Med Pregl","2004","2004/10/07","","","10.2298/mpns0404105c"
"19394425","Sequencing and cardiac expression of Apelin in Sus Scrofa","Del Ry S, Cabiati M, Raucci S, Simioniuc A, Caselli C, Prescimone T, Giannessi D.","Pharmacol Res. 2009 Oct;60(4):314-9. doi: 10.1016/j.phrs.2009.04.008. Epub 2009 Apr 24.","Del Ry S","Pharmacol Res","2009","2009/04/28","","","10.1016/j.phrs.2009.04.008"
"16381512","[The chimpanzee genome]","Salamanca-Gómez F.","Gac Med Mex. 2005 Nov-Dec;141(6):541-2.","Salamanca-Gómez F","Gac Med Mex","2005","2005/12/31","","",""
"2267790","[Hypermutation of the measles virus gene and persistent infection]","","Vopr Virusol. 1990 Sep-Oct;35(5):438-9.","","Vopr Virusol","1990","1990/09/01","","",""
"11599473","[Initial sequence and analysis of the human genome]","Gamba G.","Rev Invest Clin. 2001 Jul-Aug;53(4):294-7.","Gamba G","Rev Invest Clin","2001","2001/10/16","","",""
"11359194","[The university privatization and the genome]","Forattini OP.","Rev Saude Publica. 2001 Apr;35(2):111-2. doi: 10.1590/s0034-89102001000200001.","Forattini OP","Rev Saude Publica","2001","2001/05/19","","","10.1590/s0034-89102001000200001"
"29687682","Adoption of measures to prevent contagion from influenza in health care centers should be mandated by law","de Miguel Beriain I, Lazcoz Moratinos G, Conal Fuertes I.","Emergencias. 2018 Jun;30(3):209.","de Miguel Beriain I","Emergencias","2018","2018/04/25","","",""
"2661002","[Recent findings on the effect and role of oncogenes in carcinogenesis]","Kremen J.","Cas Lek Cesk. 1989 Apr 28;128(18):545-54.","Kremen J","Cas Lek Cesk","1989","1989/04/28","","",""
"4282655","[Genome organization in metazoa]","Olenov IuM.","Tsitologiia. 1974 Apr;16(4):403-19.","Olenov IuM","Tsitologiia","1974","1974/04/01","","",""
"15059829","TIP: protein backtranslation aided by genetic algorithms","Moreira A, Maass A.","Bioinformatics. 2004 Sep 1;20(13):2148-9. doi: 10.1093/bioinformatics/bth204. Epub 2004 Apr 1.","Moreira A","Bioinformatics","2004","2004/04/03","","","10.1093/bioinformatics/bth204"
"10624686","[The microcosm of the genome]","Sverdlov ED.","Mol Biol (Mosk). 1999 Nov-Dec;33(6):917-40.","Sverdlov ED","Mol Biol (Mosk)","1999","2000/01/07","","",""
"24915698","[Free will and criminal sciences]","Muñoz Conde F.","Rev Derecho Genoma Hum. 2014;Spec No:125-30.","Muñoz Conde F","Rev Derecho Genoma Hum","2014","2014/06/12","","",""
"1103499","[Study of the structure and activity of the genome using the methods of nucleic acid renaturation and hybridization]","Limborskaia SA.","Usp Sovrem Biol. 1975 May-Jun;79(3):342-60.","Limborskaia SA","Usp Sovrem Biol","1975","1975/05/01","","",""
"24736967","[Genome and microbiome: hologenome. Is epigenetics their link?]","Stazi MA, Toccaceli V.","Epidemiol Prev. 2014 Jan-Feb;38(1):67-8.","Stazi MA","Epidemiol Prev","2014","2014/04/17","","",""
"12438397","Gene discovery in the freshwater fish parasite Trypanosoma carassii: identification of trans-sialidase-like and mucin-like genes","Agüero F, Campo V, Cremona L, Jäger A, Di Noia JM, Overath P, Sánchez DO, Frasch AC.","Infect Immun. 2002 Dec;70(12):7140-4. doi: 10.1128/IAI.70.12.7140-7144.2002.","Agüero F","Infect Immun","2002","2002/11/20","PMC133043","","10.1128/IAI.70.12.7140-7144.2002"
"373248","[Genome structure of influenza virus]","Zhilinskaia IN, Tets VV, Golubev DB.","Vopr Virusol. 1978 Jul-Aug;(4):387-94.","Zhilinskaia IN","Vopr Virusol","1978","1978/07/01","","",""
"1481268","[Genetic mapping of the cattle genome]","Zakharov IA.","Tsitol Genet. 1992 Sep-Oct;26(5):67-72.","Zakharov IA","Tsitol Genet","1992","1992/09/01","","",""
"25729982","Characterization of a protein-protein interaction network of the CBL-interacting protein kinase 8 from sugarcane","Farani TF, Gentile A, Tavares RG, Ribeiro C, Menossi M.","Genet Mol Res. 2015 Jan 26;14(1):483-91. doi: 10.4238/2015.January.26.1.","Farani TF","Genet Mol Res","2015","2015/03/03","","","10.4238/2015.January.26.1"
"8316235","[Instability of the halophilic archaebacteria genome]","Derkacheva NI, Kagramanova VK, Man'kin AS.","Mol Biol (Mosk). 1993 May-Jun;27(3):485-99.","Derkacheva NI","Mol Biol (Mosk)","1993","1993/05/01","","",""
"3049235","[Repetitive sequences of the human genome]","Korneev SA.","Genetika. 1988 Jun;24(6):965-79.","Korneev SA","Genetika","1988","1988/06/01","","",""
"26235685","[Genetic predisposition and Pediatric Acute Respiratory Distress Syndrome: New tools for genetic study]","Erranz MB, Wilhelm BJ, Riquelme VR, Cruces RP.","Rev Chil Pediatr. 2015 Mar-Apr;86(2):73-9. doi: 10.1016/j.rchipe.2015.04.016.","Erranz MB","Rev Chil Pediatr","2015","2015/08/04","","","10.1016/j.rchipe.2015.04.016"
"22464196","[RNASEL study of genetics of prostate cancer and its relation to clinical staging]","Alvarez-Cubero MJ, Saiz M, Martínez-González LJ, Alvarez JC, Lorente JA, Cozar JM.","Actas Urol Esp. 2012 May;36(5):306-11. doi: 10.1016/j.acuro.2011.12.002. Epub 2012 Mar 30.","Alvarez-Cubero MJ","Actas Urol Esp","2012","2012/04/03","","","10.1016/j.acuro.2011.12.002"
"15839036","Proposed international guidelines on ethical issues in medical genetics and genetic services (part I)","World Health Organization Human Genetics Programme.","Rev Derecho Genoma Hum. 1998 Jan-Jun;(8):219-23.","World Health Organization Human Genetics Programme","Rev Derecho Genoma Hum","1998","2005/04/21","","",""
"4319172","[Functioning of the genome of tumor-generating viruses in infected and transformed cells]","Kiselev LL.","Usp Sovrem Biol. 1969 Nov-Dec;68(3):381-98.","Kiselev LL","Usp Sovrem Biol","1969","1969/11/01","","",""
"24915694","[Forty years of biotechnology revolution]","Soutullo D.","Rev Derecho Genoma Hum. 2014;Spec No:53-84.","Soutullo D","Rev Derecho Genoma Hum","2014","2014/06/12","","",""
"9830779","[The role of superantigens in infectious diseases]","Santolaya ME.","Rev Med Chil. 1998 Jul;126(7):846-54.","Santolaya ME","Rev Med Chil","1998","1998/11/27","","",""
"8302314","[Subtractive hybridization--a technique for extracting DNA sequences, discriminating between two closely-related genomes]","Sverdlov ED.","Mol Gen Mikrobiol Virusol. 1993 Nov-Dec;(6):3-12.","Sverdlov ED","Mol Gen Mikrobiol Virusol","1993","1993/11/01","","",""
"12140901","[Destabilization of the cellular genome while expressing early regulatory genes from oncoviruses]","Lukash LL.","Tsitol Genet. 2002 Mar-Apr;36(2):68-80.","Lukash LL","Tsitol Genet","2002","2002/07/27","","",""
"18201045","[Law 14/2007, 3 July, on biomedical research (BOE, 4 July 2007)]","","Rev Derecho Genoma Hum. 2007 Jan-Jun;(26):283-325.","","Rev Derecho Genoma Hum","2007","2008/01/19","","",""
"25976660","Reply: Which blastocysts should be considered for genetic screening?","Fiorentino F, Bono S, Biricik A, Nuccitelli A, Cotroneo E, Cottone G, Kokocinski F, Michel CE, Minasi MG, Greco E.","Hum Reprod. 2015 Jul;30(7):1744-5. doi: 10.1093/humrep/dev106. Epub 2015 May 13.","Fiorentino F","Hum Reprod","2015","2015/05/16","","","10.1093/humrep/dev106"
"30033707","Declaring certainty that a patient is unopposed to clinical trial enrollment in emergency situations","De Miguel Beriain Í, Lazcoz Moratinos G.","Emergencias. 2018 Ago;30(4):282.","De Miguel Beriain Í","Emergencias","2018","2018/07/24","","",""
"2128846","[The k-locus of human immunoglobulin and its significance for other programs studying the human genome]","Zachau HG.","Mol Biol (Mosk). 1990 Nov-Dec;24(6):1474-83.","Zachau HG","Mol Biol (Mosk)","1990","1990/11/01","","",""
"11840820","[Clinico-biological significance of hepatitis B virus mutations]","Abdurakhmanov DT.","Klin Med (Mosk). 2001;79(12):9-12.","Abdurakhmanov DT","Klin Med (Mosk)","2001","2002/02/14","","",""
"24915733","2nd Declaration of Bilbao","","Rev Derecho Genoma Hum. 2014;Spec No:469, 471-6.","","Rev Derecho Genoma Hum","2014","2014/06/12","","",""
"11042854","[Alternative promoters and RNA processing in expression of the eukaryotic genome]","Rubtsov PM.","Mol Biol (Mosk). 2000 Jul-Aug;34(4):626-34.","Rubtsov PM","Mol Biol (Mosk)","2000","2000/10/24","","",""
"7635313","[Genomic structure of bacteria: uniformity or diversity?]","Prozorov AA.","Genetika. 1995 Jun;31(6):741-52.","Prozorov AA","Genetika","1995","1995/06/01","","",""
"4587280","[Age changes in the macromolecular composition and functional possibilities of the cell genome]","Nikitin VN.","Zh Evol Biokhim Fiziol. 1973 May-Jun;8(3):233-9.","Nikitin VN","Zh Evol Biokhim Fiziol","1973","1973/05/01","","",""
"6438909","[Molecular mechanisms of the interaction of catecholamine with elements of cellular genomes (review)]","Bozhko GKh.","Vopr Med Khim. 1984 Jul-Aug;30(4):12-7.","Bozhko GKh","Vopr Med Khim","1984","1984/07/01","","",""
"12449641","[Homologous series by chromosome number and genome rearrangement in the phylogeny of Salmonoidei]","Zelinskiĭ IuP, Makhrov AA.","Genetika. 2002 Oct;38(10):1317-23.","Zelinskiĭ IuP","Genetika","2002","2002/11/27","","",""
"3328420","[Genome structure and gene expression of the human immunodeficiency virus (a review of the foreign literature)]","Bukrinskiĭ MI.","Vopr Virusol. 1987 Nov-Dec;32(6):649-56.","Bukrinskiĭ MI","Vopr Virusol","1987","1987/11/01","","",""
"19376548","[Law of Biomedical Research in Spain: a new and complete map for clinical research]","Romeo Casabona CM.","Med Clin (Barc). 2009 May 2;132(16):633-7. doi: 10.1016/j.medcli.2009.01.026. Epub 2009 Apr 19.","Romeo Casabona CM","Med Clin (Barc)","2009","2009/04/21","","","10.1016/j.medcli.2009.01.026"
"11763775","[Recombinant rearrangements of bacterial genome and adaptation to the environment]","Prozorov AA.","Mikrobiologiia. 2001 Sep-Oct;70(5):581-94.","Prozorov AA","Mikrobiologiia","2001","2002/01/05","","",""
"2429485","[Evolution of the genome and gene pool of bacterial populations]","Bondarenko VM, Iablochkov AL.","Zh Mikrobiol Epidemiol Immunobiol. 1986 Aug;(8):92-9.","Bondarenko VM","Zh Mikrobiol Epidemiol Immunobiol","1986","1986/08/01","","",""
"24915709","[Genetic improvement: equality and temporal factor]","Pérez Triviño JL.","Rev Derecho Genoma Hum. 2014;Spec No:259-66.","Pérez Triviño JL","Rev Derecho Genoma Hum","2014","2014/06/12","","",""
"2097927","[The study of the human genome in pediatrics today]","Cruz M.","An Esp Pediatr. 1990 Nov;33 Suppl 42:77-91.","Cruz M","An Esp Pediatr","1990","1990/11/01","","",""
"10048888","[Gene based methods and their potential development in cardiovascular investigations]","Swynghedauw B.","Rev Port Cardiol. 1998 Nov;17(11):942-3.","Swynghedauw B","Rev Port Cardiol","1998","1999/02/27","","",""
"1790008","[Molecular genetics in neurology (II). Analysis of the human genome]","Palau F, Baiget M, Gallano P.","Neurologia. 1991 Oct;6(8):302-6.","Palau F","Neurologia","1991","1991/10/01","","",""
"23712886","Re: Use of prenatal chromosomal microarray: prospective cohort study and systematic review and meta-analysis. S. C. Hillman, D. J. McMullan, G. Hall, F.  S. Togneri, N. James, E.  J. Maher, C.  H. Meller, D. Williams, R. J. Wapner, E. R. Maher and M. D. Kilby. Ultrasound obstet gynecol 2013; 41: 610-620","Fiorentino F.","Ultrasound Obstet Gynecol. 2013 Jun;41(6):608. doi: 10.1002/uog.12500.","Fiorentino F","Ultrasound Obstet Gynecol","2013","2013/05/29","","","10.1002/uog.12500"
"2097916","[Analysis of the human genome in pediatric hemato-oncology]","Ballesta Martínez F.","An Esp Pediatr. 1990 Nov;33 Suppl 42:106-22.","Ballesta Martínez F","An Esp Pediatr","1990","1990/11/01","","",""
"339264","[Enzymatic repair of DNA and evolution of the genome]","Shal'nov MI.","Radiobiologiia. 1977 Sep-Oct;17(5):652-71.","Shal'nov MI","Radiobiologiia","1977","1977/09/01","","",""
"12872417","[Views of the human genome in Congenital malformations]","Kawa-Karasik S, Saavedra-Ontiveros MD, Morán-Barroso VF, Thompson-Chagoyán OC, Cornejo-Roldań LR, Fuente-del CA.","Gac Med Mex. 2003 May-Jun;139(3):234-54.","Kawa-Karasik S","Gac Med Mex","2003","2003/07/23","","",""
"356447","[Genome size, DNA replication and cell division in bacteria]","Korotiaev AI.","Usp Sovrem Biol. 1978 May-Jun;85(3):307-24.","Korotiaev AI","Usp Sovrem Biol","1978","1978/05/01","","",""
"11432098","[The Human Genome sequence]","Salamanca-Gómez F.","Gac Med Mex. 2001 May-Jun;137(3):267-8.","Salamanca-Gómez F","Gac Med Mex","2001","2001/07/04","","",""
"15832313","TCOF1 mutation database: novel mutation in the alternatively spliced exon 6A and update in mutation nomenclature","Splendore A, Fanganiello RD, Masotti C, Morganti LS, Passos-Bueno MR.","Hum Mutat. 2005 May;25(5):429-34. doi: 10.1002/humu.20159.","Splendore A","Hum Mutat","2005","2005/04/16","","","10.1002/humu.20159"
"24915695","Perspectives of Medical Law under the challenges of modern biotechnology","Eser A.","Rev Derecho Genoma Hum. 2014;Spec No:87-101.","Eser A","Rev Derecho Genoma Hum","2014","2014/06/12","","",""
"24915726","[The human genome and life as argument]","Pérez Duarte J.","Rev Derecho Genoma Hum. 2014;Spec No:411-8.","Pérez Duarte J","Rev Derecho Genoma Hum","2014","2014/06/12","","",""
"15478800","Generation and analysis of expressed sequence tags from Trypanosoma cruzi trypomastigote and amastigote cDNA libraries","Agüero F, Abdellah KB, Tekiel V, Sánchez DO, González A.","Mol Biochem Parasitol. 2004 Aug;136(2):221-5. doi: 10.1016/j.molbiopara.2004.04.002.","Agüero F","Mol Biochem Parasitol","2004","2004/10/14","","","10.1016/j.molbiopara.2004.04.002"
"14647681","[Gene transfer as treatment for metabolic inherited liver diseases]","Godoy JL.","J Pediatr (Rio J). 2000 Mar-Apr;76(2):101-8. doi: 10.2223/jped.41.","Godoy JL","J Pediatr (Rio J)","2000","2003/12/04","","","10.2223/jped.41"
"24915734","[A testimony of the XX Conference on Law and the Human Genome]","Vidal Martínez J.","Rev Derecho Genoma Hum. 2014;Spec No:479-98.","Vidal Martínez J","Rev Derecho Genoma Hum","2014","2014/06/12","","",""
"38532476","Correction: Combined TP53 status in tumor-free resection margins and circulating microRNA profiling predicts the risk of locoregional recurrence in head and neck cancer","Ganci F, Allegretti M, Frascolla C, Spinella F, Rollo F, Sacconi A, De Pascale V, Palcau AC, Manciocco V, Vescovo M, Cotroneo E, Blandino F, Benevolo M, Covello R, Muti P, Strano S, Vidiri A, Fontemaggi G, Pellini R, Blandino G.","Biomark Res. 2024 Mar 26;12(1):37. doi: 10.1186/s40364-024-00582-0.","Ganci F","Biomark Res","2024","2024/03/27","PMC10964511","","10.1186/s40364-024-00582-0"
"20646351","Examination of periodontal pathogens in stenotic valve specimens and in whole blood samples in patients affected by aortic valve stenosis and chronic periodontitis","Raffaelli L, Santangelo R, Falchetti P, Galluccio F, Luciani N, Anselmi A, Nowzari H, Verdugo F, Fadda G, D'Addona A.","Int J Immunopathol Pharmacol. 2010 Apr-Jun;23(2):561-6. doi: 10.1177/039463201002300218.","Raffaelli L","Int J Immunopathol Pharmacol","2010","2010/07/22","","","10.1177/039463201002300218"
"12379989","Balancing interests in the use of personal genetic data. Human Genetics Commission, UK, May 2002","","Rev Derecho Genoma Hum. 2002 Jan-Jun;(16):260-2.","","Rev Derecho Genoma Hum","2002","2002/10/17","","",""
"17123449","JUICE: a data management system that facilitates the analysis of large volumes of information in an EST project workflow","Latorre M, Silva H, Saba J, Guziolowski C, Vizoso P, Martinez V, Maldonado J, Morales A, Caroca R, Cambiazo V, Campos-Vargas R, Gonzalez M, Orellana A, Retamales J, Meisel LA.","BMC Bioinformatics. 2006 Nov 23;7:513. doi: 10.1186/1471-2105-7-513.","Latorre M","BMC Bioinformatics","2006","2006/11/25","PMC1676024","","10.1186/1471-2105-7-513"
"24915708","[Notes on bioprospecting and their interactions with humans]","Myszczuk AP, de Meirelles JM.","Rev Derecho Genoma Hum. 2014;Spec No:251-7.","Myszczuk AP","Rev Derecho Genoma Hum","2014","2014/06/12","","",""
"24915724","[The establishment of a bank of DNA profiles in Brazil and its legal-criminal implications]","de Almeida Neto JB.","Rev Derecho Genoma Hum. 2014;Spec No:393-400.","de Almeida Neto JB","Rev Derecho Genoma Hum","2014","2014/06/12","","",""
"24915704","[The protection of genetic information]","Murillo de la Cueva PL.","Rev Derecho Genoma Hum. 2014;Spec No:209-21.","Murillo de la Cueva PL","Rev Derecho Genoma Hum","2014","2014/06/12","","",""
"24915715","[""Bad genes"" and criminal responsibility]","González Tapia MI, Obsuth I.","Rev Derecho Genoma Hum. 2014;Spec No:313-7.","González Tapia MI","Rev Derecho Genoma Hum","2014","2014/06/12","","",""
"24915703","[Genetic testing and human health]","Bergel SD.","Rev Derecho Genoma Hum. 2014;Spec No:199-208.","Bergel SD","Rev Derecho Genoma Hum","2014","2014/06/12","","",""
"15839025","[Medical eugenics: a current issue]","Testart J.","Rev Derecho Genoma Hum. 1998 Jan-Jun;(8):21-7.","Testart J","Rev Derecho Genoma Hum","1998","2005/04/21","","",""
"15832808","[Embryo selection and bioethical principles]","Soutullo D.","Rev Derecho Genoma Hum. 2004 Jul-Dec;(21):185-98.","Soutullo D","Rev Derecho Genoma Hum","2004","2005/04/19","","",""
"11149364","Statement on the principled conduct of genetics research of the Human Genome Organisation. Statement approved by HUGO Council on 21 March 1996, Heidelberg, Germany","","Rev Derecho Genoma Hum. 2000 Jan-Jun;(12):253-5.","","Rev Derecho Genoma Hum","2000","2001/01/10","","",""
"19860348","Key principles relating to genetic testing and insurance","Bale M.","Rev Derecho Genoma Hum. 2009 Jan-Jun;(30):203-7.","Bale M","Rev Derecho Genoma Hum","2009","2009/10/29","","",""
"24915723","[DNA sampling of the detained individual and the presence of a counsel]","Ibarguren IV.","Rev Derecho Genoma Hum. 2014;Spec No:385-92.","Ibarguren IV","Rev Derecho Genoma Hum","2014","2014/06/12","","",""
"12379980","Bioethical issues and human rights in Greece","Kriari-Catranis I.","Rev Derecho Genoma Hum. 2002 Jan-Jun;(16):37-57.","Kriari-Catranis I","Rev Derecho Genoma Hum","2002","2002/10/17","","",""
"11921888","[Conclusions of the seminar on ""Biological characteristics, personality and crime: criminological, criminal and procedural features]","Malanda SR.","Rev Derecho Genoma Hum. 2001 Jul-Dec;(15):209-13.","Malanda SR","Rev Derecho Genoma Hum","2001","2002/04/02","","",""
"24915702","[State of affairs and ethical issues in regenerative medicine]","Bellver Capella V.","Rev Derecho Genoma Hum. 2014;Spec No:169-98.","Bellver Capella V","Rev Derecho Genoma Hum","2014","2014/06/12","","",""
"21510335","[Genetic risk and discrimination]","Vidal Gallardo M.","Rev Derecho Genoma Hum. 2010 Jul-Dec;(33):127-67.","Vidal Gallardo M","Rev Derecho Genoma Hum","2010","2011/04/23","","",""
"22977957","[Culpability and the problem of the human genome. Between being and having to be]","Donna E.","Rev Derecho Genoma Hum. 2011 Jan-Jun;(34):99-117.","Donna E","Rev Derecho Genoma Hum","2011","2012/09/18","","",""
"24915732","[Introducing the Second Declaration of Bilbao]","Chueca Rodríguez R.","Rev Derecho Genoma Hum. 2014;Spec No:459-66.","Chueca Rodríguez R","Rev Derecho Genoma Hum","2014","2014/06/12","","",""
"8355536","[The human genome project: reality and hope]","Estivill X.","Med Clin (Barc). 1993 May;100 Suppl 1:52-3.","Estivill X","Med Clin (Barc)","1993","1993/05/01","","",""
"23888102","Graphical contig analyzer for all sequencing platforms (G4ALL): a new stand-alone tool for finishing and draft generation of bacterial genomes","Ramos RT, Carneiro AR, Caracciolo PH, Azevedo V, Schneider MP, Barh D, Silva A.","Bioinformation. 2013 Jun 29;9(11):599-604. doi: 10.6026/97320630009599. Print 2013.","Ramos RT","Bioinformation","2013","2013/07/27","PMC3717189","","10.6026/97320630009599"
"24915697","[Freedom versus determinism in criminal law?]","Demetrio Crespo E.","Rev Derecho Genoma Hum. 2014;Spec No:111-24.","Demetrio Crespo E","Rev Derecho Genoma Hum","2014","2014/06/12","","",""
"24915701","[The identification of individuals through genetic testing and DNA profiling banks]","Saiz M, Alvarez-Cubero MJ, Martínez-González LJ, Alvarez JC, Lorente M, Lorente JA.","Rev Derecho Genoma Hum. 2014;Spec No:157-68.","Saiz M","Rev Derecho Genoma Hum","2014","2014/06/12","","",""
"11921885","[Awareness about the limit]","Jiménez Aquiles Hernández V.","Rev Derecho Genoma Hum. 2001 Jul-Dec;(15):161-72.","Jiménez Aquiles Hernández V","Rev Derecho Genoma Hum","2001","2002/04/02","","",""
"23520917","[Genetic individuality and the universal declaration on the human genome and human rights]","Siqueiros JM, Saruwatari G, Oliva-Sánchez PF.","Rev Derecho Genoma Hum. 2012 Jul-Dec;(37):123-51.","Siqueiros JM","Rev Derecho Genoma Hum","2012","2013/03/26","","",""
